{
 "raw": {
  "median": 150.45130692404678,
  "geomean": 184.9131353303544,
  "lo": 87.27120802023403,
  "hi": 771.0301996080899,
  "per_seed": [
   178.1204425135059,
   87.27120802023403,
   150.45130692404678,
   119.89103397652502,
   771.0301996080899
  ]
 },
 "oc": {
  "median": 47.399187410275985,
  "geomean": 16.86378887826885,
  "lo": 0.6053907340172697,
  "hi": 71.52681278156984,
  "per_seed": [
   54.85952403645145,
   71.52681278156984,
   12.11290212598851,
   0.6053907340172697,
   47.399187410275985
  ]
 },
 "sym": {
  "median": 22.222488896272285,
  "geomean": 19.982553353370413,
  "lo": 3.6171101899079714,
  "hi": 60.53987728948261,
  "per_seed": [
   20.321635395345726,
   22.222488896272285,
   3.6171101899079714,
   60.53987728948261,
   32.21812614691913
  ]
 },
 "anti": {
  "median": 174.97994992790825,
  "geomean": 135.65985010148236,
  "lo": 37.97925554009735,
  "hi": 496.19070145230876,
  "per_seed": [
   37.97925554009735,
   174.97994992790825,
   43.84412181403925,
   317.8058825594849,
   496.19070145230876
  ]
 },
 "rcond": 0.01,
 "nseed": 5
}