{
 "sigma": {
  "rows": [
   {
    "sigma_um": 2.5,
    "f_mean": 5.680516349688707e-08,
    "f_std": 3.9764168636233616e-08,
    "f_all": [
     6.768280385287738e-08,
     3.585161183970461e-09,
     9.914752545381335e-08
    ]
   },
   {
    "sigma_um": 5.0,
    "f_mean": 2.2747604973391203e-07,
    "f_std": 1.5905689014338358e-07,
    "f_all": [
     2.7135162877993103e-07,
     1.4475857772173096e-08,
     3.9660066264963193e-07
    ]
   },
   {
    "sigma_um": 10.0,
    "f_mean": 9.114814714910142e-07,
    "f_std": 6.367392907082528e-07,
    "f_all": [
     1.0890315014997519e-06,
     5.817236527135118e-08,
     1.5872405477019394e-06
    ]
   }
  ],
  "p": 2.0020596750803397
 }
}