{
 "seeds": {
  "0": {
   "done": true,
   "seed": 0,
   "sym_dx_res": 2.294668674165543e-06,
   "sym_dy_res": 9.080356073786859e-07,
   "anti_dx_res": 1.9350116705978798e-06,
   "anti_dy_res": 1.0242081338084754e-06,
   "f_bba": 2.8429928535321137e-08,
   "oc": [
    {
     "rcond": 0.05,
     "f": 7.624110244583836e-10,
     "sym_dx": 2.356698232181218e-06,
     "sym_dy": 8.385960555210684e-07,
     "anti_dx": 1.1506447860384554e-06,
     "anti_dy": 7.250676035437516e-07
    },
    {
     "rcond": 0.02,
     "f": 1.8112797352024655e-10,
     "sym_dx": 2.154944692778902e-06,
     "sym_dy": 8.886515688333892e-07,
     "anti_dx": 1.138729846950589e-06,
     "anti_dy": 3.709242531057146e-07
    },
    {
     "rcond": 0.01,
     "f": 2.5573899606610628e-11,
     "sym_dx": 1.8759012179103071e-06,
     "sym_dy": 7.716163398940521e-07,
     "anti_dx": 6.669175419210454e-07,
     "anti_dy": 3.937348490380648e-07
    }
   ],
   "f_oc_best": 2.5573899606610628e-11
  }
 }
}