{
 "0": {
  "one": {
   "f_CW": -126.01529532712951,
   "f_CCW": -4.021375511390113,
   "C": 60.996959907869694,
   "sim_dx": 5.546251521425613
  },
  "two": {
   "f_CW": -0.10004236285061796,
   "f_CCW": -0.12275621402552846,
   "C": 0.011356925587455248,
   "sim_dx": 0.09868990113421354
  }
 },
 "1": {
  "one": {
   "f_CW": 137.05750774019626,
   "f_CCW": 3.138993217342715,
   "C": 66.95925726142677,
   "sim_dx": 4.948049070018349
  },
  "two": {
   "f_CW": 0.04726349947192863,
   "f_CCW": -0.19459338385119518,
   "C": 0.1209284416615619,
   "sim_dx": 0.14452152937162419
  }
 },
 "2": {
  "one": {
   "f_CW": -24.86254332600849,
   "f_CCW": -1.303330138279959,
   "C": 11.779606593864266,
   "sim_dx": 4.565221374210898
  },
  "two": {
   "f_CW": 0.16552465573351877,
   "f_CCW": 0.5873271235611247,
   "C": 0.21090123391380297,
   "sim_dx": 0.1996769927120819
  }
 },
 "3": {
  "one": {
   "f_CW": -1.0501586761251684,
   "f_CCW": -1.2840471918724499,
   "C": 0.11694425787364071,
   "sim_dx": 5.336055173773892
  },
  "two": {
   "f_CW": 0.32658486806971215,
   "f_CCW": -0.31487082968925806,
   "C": 0.32072784887948513,
   "sim_dx": 0.4198065123089856
  }
 },
 "4": {
  "one": {
   "f_CW": -94.09084496945022,
   "f_CCW": -3.6179390848447643,
   "C": 45.236452942302726,
   "sim_dx": 4.787233744050405
  },
  "two": {
   "f_CW": 0.2709734815397009,
   "f_CCW": 0.02531086829993698,
   "C": 0.12283130661988197,
   "sim_dx": 0.6913196672373931
  }
 }
}