{
 "0": {
  "one": {
   "f_CW": -125.40361090977396,
   "f_CCW": -3.835810075695411,
   "C": 60.78390041703928,
   "sim_dx": 5.546251521425613
  },
  "two": {
   "f_CW": -0.1524640468286372,
   "f_CCW": -0.14981779158491837,
   "C": 0.0013231276218594185,
   "sim_dx": 0.09868990113421354
  }
 },
 "1": {
  "one": {
   "f_CW": 137.18279731938344,
   "f_CCW": 2.8807102115399283,
   "C": 67.15104355392175,
   "sim_dx": 4.948049070018349
  },
  "two": {
   "f_CW": 0.0263083502521277,
   "f_CCW": 0.018705313200874516,
   "C": 0.003801518525626591,
   "sim_dx": 0.14452152937162419
  }
 },
 "2": {
  "one": {
   "f_CW": -25.32353752696832,
   "f_CCW": -1.0653357422655934,
   "C": 12.129100892351364,
   "sim_dx": 4.565221374210898
  },
  "two": {
   "f_CW": 0.13557826183677046,
   "f_CCW": 0.6441963291860557,
   "C": 0.25430903367464264,
   "sim_dx": 0.1996769927120819
  }
 },
 "3": {
  "one": {
   "f_CW": -1.1443236422721081,
   "f_CCW": -1.1180843589371148,
   "C": 0.013119641667496684,
   "sim_dx": 5.336055173773892
  },
  "two": {
   "f_CW": 0.34822315958281613,
   "f_CCW": -0.33522881544706523,
   "C": 0.34172598751494065,
   "sim_dx": 0.4198065123089856
  }
 },
 "4": {
  "one": {
   "f_CW": -94.3450718232988,
   "f_CCW": -3.708188846236725,
   "C": 45.318441488531036,
   "sim_dx": 4.787233744050405
  },
  "two": {
   "f_CW": 0.3141748511974415,
   "f_CCW": -0.01859463844186583,
   "C": 0.16638474481965365,
   "sim_dx": 0.6913196672373931
  }
 },
 "5": {
  "one": {
   "f_CW": 49.6120067319666,
   "f_CCW": -6.4163094418168996,
   "C": 28.01415808689175,
   "sim_dx": 3.953898690353718
  },
  "two": {
   "f_CW": -0.12116314151072544,
   "f_CCW": -0.21469598281132893,
   "C": 0.046766420650301746,
   "sim_dx": 0.44879238438708563
  }
 },
 "6": {
  "one": {
   "f_CW": -56.977790461970315,
   "f_CCW": 6.0536592752292675,
   "C": 31.51572486859979,
   "sim_dx": 5.887796980949965
  },
  "two": {
   "f_CW": -0.060139084921225786,
   "f_CCW": -0.08744679120839655,
   "C": 0.01365385314358538,
   "sim_dx": 0.3916895049739163
  }
 },
 "7": {
  "one": {
   "f_CW": -37.715404348874685,
   "f_CCW": 0.9525169130642732,
   "C": 19.33396063096948,
   "sim_dx": 4.274552694528977
  },
  "two": {
   "f_CW": 0.20520962448911073,
   "f_CCW": 0.04049731942230301,
   "C": 0.08235615253340386,
   "sim_dx": 0.28254574728622533
  }
 },
 "8": {
  "one": {
   "f_CW": -295.8426585666352,
   "f_CCW": -8.637393906545745,
   "C": 143.6026323300447,
   "sim_dx": 6.726530427248878
  },
  "two": {
   "f_CW": 0.0014649357905539618,
   "f_CCW": 0.08671064831581232,
   "C": 0.04262285626262918,
   "sim_dx": 0.13501759976117475
  }
 },
 "9": {
  "one": {
   "f_CW": -28.687207740340124,
   "f_CCW": 5.888760455703121,
   "C": 17.287984098021624,
   "sim_dx": 5.6680603650163555
  },
  "two": {
   "f_CW": 0.051623760683113515,
   "f_CCW": 0.05208350229902164,
   "C": 0.00022987080795406137,
   "sim_dx": 0.49402443562628673
  }
 },
 "10": {
  "one": {
   "f_CW": -39.24424492941641,
   "f_CCW": -3.382396258644251,
   "C": 17.93092433538608,
   "sim_dx": 4.944413438452283
  },
  "two": {
   "f_CW": 0.05981705765518926,
   "f_CCW": 0.042570650749872166,
   "C": 0.008623203452658545,
   "sim_dx": 0.2120754366300246
  }
 },
 "11": {
  "one": {
   "f_CW": 370.8690806691312,
   "f_CCW": 4.4011706353698665,
   "C": 183.23395501688069,
   "sim_dx": 5.0057402023612525
  },
  "two": {
   "f_CW": 0.7005756855098841,
   "f_CCW": -0.5393178260155832,
   "C": 0.6199467557627336,
   "sim_dx": 0.38852783540015534
  }
 },
 "12": {
  "one": {
   "f_CW": 132.21119024867048,
   "f_CCW": 5.573833444965334,
   "C": 63.31867840185257,
   "sim_dx": 5.57078255461206
  },
  "two": {
   "f_CW": 0.11409104721543996,
   "f_CCW": 0.06805872983347902,
   "C": 0.02301615869098047,
   "sim_dx": 0.3429295176704607
  }
 },
 "13": {
  "one": {
   "f_CW": -261.50986445662704,
   "f_CCW": 2.3380092999744004,
   "C": 131.9239368783007,
   "sim_dx": 5.685119930879827
  },
  "two": {
   "f_CW": -0.06129653988352838,
   "f_CCW": -0.14234623843224528,
   "C": 0.040524849274358454,
   "sim_dx": 0.7623971168989254
  }
 },
 "14": {
  "one": {
   "f_CW": 55.59152848711531,
   "f_CCW": -1.0800137795932148,
   "C": 28.335771133354264,
   "sim_dx": 6.326602743923494
  },
  "two": {
   "f_CW": 0.24558370485127246,
   "f_CCW": -0.11917862008211659,
   "C": 0.18238116246669453,
   "sim_dx": 0.8615728194824547
  }
 }
}