{
 "0": {
  "one": {
   "f_CW": -112.15094024771018,
   "f_CCW": -2.299271774441206,
   "C": 54.925834236634486,
   "sim_dx": 5.547860323841986
  },
  "two": {
   "f_CW": 0.005753297629750874,
   "f_CCW": -0.007113917031827857,
   "C": 0.0064336073307893656,
   "sim_dx": 0.021108245296543867
  }
 },
 "1": {
  "one": {
   "f_CW": 146.57074211337238,
   "f_CCW": 3.5974739292414672,
   "C": 71.48663409206546,
   "sim_dx": 4.951292485343543
  },
  "two": {
   "f_CW": -0.007918821121062245,
   "f_CCW": 0.001223619468571303,
   "C": 0.004571220294816774,
   "sim_dx": 0.02148611656280522
  }
 },
 "2": {
  "one": {
   "f_CW": -25.60447606462457,
   "f_CCW": -1.4215827806203762,
   "C": 12.091446642002097,
   "sim_dx": 4.561501480270557
  },
  "two": {
   "f_CW": 0.009147600482808743,
   "f_CCW": 0.028291319885198812,
   "C": 0.009571859701195035,
   "sim_dx": 0.015881954242514287
  }
 },
 "3": {
  "one": {
   "f_CW": -2.7425184962907605,
   "f_CCW": -1.5458584875042132,
   "C": 0.5983300043932737,
   "sim_dx": 5.352331763309124
  },
  "two": {
   "f_CW": -0.028335397661789885,
   "f_CCW": -0.0198011380469665,
   "C": 0.004267129807411693,
   "sim_dx": 0.024170005666298
  }
 },
 "4": {
  "one": {
   "f_CW": -99.38108706636717,
   "f_CCW": -4.575507514533098,
   "C": 47.402789775917036,
   "sim_dx": 4.781700306099683
  },
  "two": {
   "f_CW": 0.00896542586586305,
   "f_CCW": 0.00717446103322857,
   "C": 0.0008954824163172402,
   "sim_dx": 0.018103125494833717
  }
 }
}