{
 "0": {
  "one": {
   "f_CW": -2301.6042068423603,
   "f_CCW": -2592.211653119716,
   "C": 145.30372313867792,
   "sim_dx": 217.36014886485532
  },
  "two": {
   "f_CW": -751.3364352482224,
   "f_CCW": -399.61810691918663,
   "C": 175.8591641645179,
   "sim_dx": 86.83719525095333
  }
 },
 "1": {
  "one": {
   "f_CW": -735.1484105041333,
   "f_CCW": -274.8775285095568,
   "C": 230.13544099728824,
   "sim_dx": 184.25105485300068
  },
  "two": {
   "f_CW": 214.39578005065636,
   "f_CCW": 609.729457572402,
   "C": 197.66683876087282,
   "sim_dx": 72.16601605365202
  }
 },
 "2": {
  "one": {
   "f_CW": 1087.908861759659,
   "f_CCW": 2501.5186975142497,
   "C": 706.8049178772953,
   "sim_dx": 144.52729612913217
  },
  "two": {
   "f_CW": 1906.8760262170347,
   "f_CCW": 3267.042851082033,
   "C": 680.0834124324991,
   "sim_dx": 65.32929342689737
  }
 },
 "3": {
  "one": {
   "f_CW": 5186.884434551349,
   "f_CCW": 13810.46837667155,
   "C": 4311.7919710601,
   "sim_dx": 122.78773628687989
  },
  "two": {
   "f_CW": -19.863632988481825,
   "f_CCW": 4397.136407152596,
   "C": 2208.500020070539,
   "sim_dx": 92.4937483072773
  }
 },
 "4": {
  "one": {
   "f_CW": 11666.055814063526,
   "f_CCW": 12965.07485755468,
   "C": 649.5095217455773,
   "sim_dx": 188.37765455230226
  },
  "two": {
   "f_CW": -1318.9255336558126,
   "f_CCW": -1393.4824398349035,
   "C": 37.27845308954545,
   "sim_dx": 114.2165468177623
  }
 }
}