{
 "0": {
  "one": {
   "f_CW": -125.40361090977396,
   "f_CCW": -3.835810075695411,
   "C": 60.78390041703928,
   "sim_dx": 5.546251521425613
  },
  "two": {
   "f_CW": -0.1524640468286372,
   "f_CCW": -0.14981779158491837,
   "C": 0.0013231276218594185,
   "sim_dx": 0.09868990113421354
  }
 },
 "1": {
  "one": {
   "f_CW": 137.18279731938344,
   "f_CCW": 2.8807102115399283,
   "C": 67.15104355392175,
   "sim_dx": 4.948049070018349
  },
  "two": {
   "f_CW": 0.0263083502521277,
   "f_CCW": 0.018705313200874516,
   "C": 0.003801518525626591,
   "sim_dx": 0.14452152937162419
  }
 },
 "2": {
  "one": {
   "f_CW": -25.32353752696832,
   "f_CCW": -1.0653357422655934,
   "C": 12.129100892351364,
   "sim_dx": 4.565221374210898
  },
  "two": {
   "f_CW": 0.13557826183677046,
   "f_CCW": 0.6441963291860557,
   "C": 0.25430903367464264,
   "sim_dx": 0.1996769927120819
  }
 },
 "3": {
  "one": {
   "f_CW": -1.1443236422721081,
   "f_CCW": -1.1180843589371148,
   "C": 0.013119641667496684,
   "sim_dx": 5.336055173773892
  },
  "two": {
   "f_CW": 0.34822315958281613,
   "f_CCW": -0.33522881544706523,
   "C": 0.34172598751494065,
   "sim_dx": 0.4198065123089856
  }
 },
 "4": {
  "one": {
   "f_CW": -94.3450718232988,
   "f_CCW": -3.708188846236725,
   "C": 45.318441488531036,
   "sim_dx": 4.787233744050405
  },
  "two": {
   "f_CW": 0.3141748511974415,
   "f_CCW": -0.01859463844186583,
   "C": 0.16638474481965365,
   "sim_dx": 0.6913196672373931
  }
 }
}