{
 "0": {
  "one": {
   "f_CW": -125.79948823068547,
   "f_CCW": -3.590144847635592,
   "C": 61.10467169152494,
   "sim_dx": 5.692438741412119
  },
  "two": {
   "f_CW": 0.28643573728586186,
   "f_CCW": 0.6532731774354457,
   "C": 0.1834187200747919,
   "sim_dx": 1.5077318068962222
  }
 },
 "1": {
  "one": {
   "f_CW": 141.49183986546106,
   "f_CCW": 2.235164346097882,
   "C": 69.62833775968159,
   "sim_dx": 4.9447551616230685
  },
  "two": {
   "f_CW": 0.04772569885975255,
   "f_CCW": 0.08917031625022044,
   "C": 0.020722308695233945,
   "sim_dx": 1.5347226116286756
  }
 },
 "2": {
  "one": {
   "f_CW": -23.193597753204184,
   "f_CCW": 0.5080111950987876,
   "C": 11.850804474151486,
   "sim_dx": 4.697042419056902
  },
  "two": {
   "f_CW": 0.5943021565889082,
   "f_CCW": 0.22409347943858876,
   "C": 0.1851043385751597,
   "sim_dx": 1.1344253030364246
  }
 },
 "3": {
  "one": {
   "f_CW": -4.819934704008311,
   "f_CCW": -1.5137808588605353,
   "C": 1.653076922573888,
   "sim_dx": 5.6101958588718
  },
  "two": {
   "f_CW": -1.7503838596097094,
   "f_CCW": -3.793631031817841,
   "C": 1.0216235861040657,
   "sim_dx": 1.7264289761625717
  }
 },
 "4": {
  "one": {
   "f_CW": -94.59808337014508,
   "f_CCW": -3.4929636880280244,
   "C": 45.552559841058525,
   "sim_dx": 5.186981787750245
  },
  "two": {
   "f_CW": 0.48818295028598774,
   "f_CCW": 0.7305171080813745,
   "C": 0.12116707889769338,
   "sim_dx": 1.2930803924888172
  }
 }
}