{
 "0": {
  "one": {
   "f_CW": -118.79644078079664,
   "f_CCW": -3.0238087252972607,
   "C": 57.88631602774969,
   "sim_dx": 5.547042685267941
  },
  "two": {
   "f_CW": -0.04934990657758423,
   "f_CCW": -0.036483044791956146,
   "C": 0.006433430892814042,
   "sim_dx": 0.04973884712129606
  }
 },
 "1": {
  "one": {
   "f_CW": 142.3386163115342,
   "f_CCW": 3.24035005655127,
   "C": 69.54913312749146,
   "sim_dx": 4.949602168667034
  },
  "two": {
   "f_CW": -0.0038355854497115795,
   "f_CCW": -0.008422193723530685,
   "C": 0.0022933041369095526,
   "sim_dx": 0.07804638924338447
  }
 },
 "2": {
  "one": {
   "f_CW": -25.43810591163796,
   "f_CCW": -1.3004717379729567,
   "C": 12.068817086832503,
   "sim_dx": 4.5634737669991
  },
  "two": {
   "f_CW": 0.08230613116248282,
   "f_CCW": 0.3232263868688659,
   "C": 0.12046012785319155,
   "sim_dx": 0.10354134844402478
  }
 },
 "3": {
  "one": {
   "f_CW": -2.231712130588626,
   "f_CCW": -1.6292821439282361,
   "C": 0.30121499333019497,
   "sim_dx": 5.344171132004129
  },
  "two": {
   "f_CW": 0.13092977405306075,
   "f_CCW": -0.4284242842986398,
   "C": 0.2796770291758503,
   "sim_dx": 0.21184428082285978
  }
 },
 "4": {
  "one": {
   "f_CW": -97.06818555977232,
   "f_CCW": -4.054815565328459,
   "C": 46.50668499722193,
   "sim_dx": 4.7841085697896775
  },
  "two": {
   "f_CW": 0.09400939202783093,
   "f_CCW": 0.032385931646569104,
   "C": 0.030811730190630913,
   "sim_dx": 0.3505397036097689
  }
 }
}