{
 "0": {
  "one": {
   "f_CW": -159.21356747470466,
   "f_CCW": -7.975660994018475,
   "C": 75.61895324034309,
   "sim_dx": 5.541306335850429
  },
  "two": {
   "f_CW": -1.9784204973268653,
   "f_CCW": -1.3834086287848293,
   "C": 0.297505934271018,
   "sim_dx": 0.5643276785345385
  }
 },
 "1": {
  "one": {
   "f_CW": 101.13612403708291,
   "f_CCW": 1.1149967944866797,
   "C": 50.01056362129811,
   "sim_dx": 4.937356156837153
  },
  "two": {
   "f_CW": -0.29589416835408267,
   "f_CCW": 0.4898866641913695,
   "C": 0.3928904162727261,
   "sim_dx": 0.4476535359553189
  }
 },
 "2": {
  "one": {
   "f_CW": -26.37525666996964,
   "f_CCW": 2.348999445085263,
   "C": 14.362128057527451,
   "sim_dx": 4.565066296758659
  },
  "two": {
   "f_CW": 1.3561470417384365,
   "f_CCW": 2.6780180494334194,
   "C": 0.6609355038474914,
   "sim_dx": 0.5715815668414237
  }
 },
 "3": {
  "one": {
   "f_CW": 10.562831382989554,
   "f_CCW": 10.715755368211084,
   "C": 0.07646199261076525,
   "sim_dx": 5.283301227507235
  },
  "two": {
   "f_CW": -5.293179717763749,
   "f_CCW": 4.069983322553704,
   "C": 4.681581520158726,
   "sim_dx": 2.003595489480729
  }
 },
 "4": {
  "one": {
   "f_CW": -64.1840398469287,
   "f_CCW": -5.605423048798948,
   "C": 29.289308399064875,
   "sim_dx": 4.825568989820286
  },
  "two": {
   "f_CW": 1.751446086646507,
   "f_CCW": -2.744514639729698,
   "C": 2.2479803631881023,
   "sim_dx": 2.3890118753591634
  }
 }
}